{"mean_squared_error": [0.40415401648681315], "loss": [293.25274130223625], "val_mean_squared_error": [0.35368332905022715], "val_loss": [278.4765121806571]}