{"acc": [0.9089625445897741], "loss": [1.9559382994024705], "f1": [0.47590451808945317], "val_acc": [0.9067105947633085], "val_f1": [0.4752866292880399], "val_loss": [1.7392132768179114]}